<?xml version="1.0" encoding="utf-8"?>
<databaseChangeLog
    xmlns="http://www.liquibase.org/xml/ns/dbchangelog"
    xmlns:xsi="http://www.w3.org/2001/XMLSchema-instance"
    xsi:schemaLocation="http://www.liquibase.org/xml/ns/dbchangelog http://www.liquibase.org/xml/ns/dbchangelog/dbchangelog-3.4.xsd">

    <property name="now" value="now()" dbms="mysql,h2"/>
    <property name="now" value="current_timestamp" dbms="postgresql"/>
    <property name="now" value="sysdate" dbms="oracle"/>

    <property name="autoIncrement" value="true" dbms="mysql,h2,postgresql,oracle"/>

    <changeSet id="00000000000000" author="jhipster" dbms="postgresql,oracle">
        <createSequence sequenceName="hibernate_sequence" startValue="1000" incrementBy="1"/>
    </changeSet>

    <!--
        JHipster core tables.
        The initial schema has the '00000000000001' id, so that it is over-written if we re-generate it.
    -->
    <changeSet id="00000000000001" author="jhipster">
        <createTable tableName="jhi_user">
            <column name="id" type="bigint" autoIncrement="${autoIncrement}">
                <constraints primaryKey="true" nullable="false"/>
            </column>
            <column name="login" type="varchar(50)">
                <constraints unique="true" nullable="false"/>
            </column>
            <column name="password_hash" type="varchar(60)"/>
            <column name="first_name" type="varchar(50)"/>
            <column name="last_name" type="varchar(50)"/>
            <column name="email" type="varchar(100)">
                <constraints unique="true"/>
            </column>
            <column name="activated" type="boolean" valueBoolean="false">
                <constraints nullable="false" />
            </column>
            <column name="lang_key" type="varchar(5)"/>
            <column name="activation_key" type="varchar(20)"/>
            <column name="reset_key" type="varchar(20)"/>
            <column name="created_by" type="varchar(50)">
                <constraints nullable="false"/>
            </column>
            <column name="created_date" type="timestamp" defaultValueDate="${now}">
                <constraints nullable="false"/>
            </column>
            <column name="reset_date" type="timestamp">
                <constraints nullable="true"/>
            </column>
            <column name="last_modified_by" type="varchar(50)"/>
            <column name="last_modified_date" type="timestamp"/>
        </createTable>
        
        <createIndex indexName="idx_user_login"
            tableName="jhi_user"
            unique="true">
            <column name="login" type="varchar(50)"/>
        </createIndex>

        <createIndex indexName="idx_user_email"
            tableName="jhi_user"
            unique="true">
            <column name="email" type="varchar(100)"/>
        </createIndex>
        
        <createTable tableName="jhi_authority">
            <column name="name" type="varchar(50)">
                <constraints primaryKey="true" nullable="false"/>
            </column>
        </createTable>

        <createTable tableName="jhi_user_authority">
            <column name="user_id" type="bigint">
                <constraints nullable="false"/>
            </column>
            <column name="authority_name" type="varchar(50)">
                <constraints nullable="false"/>
            </column>
        </createTable>

        <addPrimaryKey columnNames="user_id, authority_name" tableName="jhi_user_authority"/>

        <createTable tableName="jhi_persistent_token">
            <column name="series" type="varchar(255)">
                <constraints primaryKey="true" nullable="false"/>
            </column>
            <column name="user_id" type="bigint"/>
            <column name="token_value" type="varchar(255)">
                <constraints nullable="false" />
            </column>
            <column name="token_date" type="date"/>
            <column name="ip_address" type="varchar(39)"/>
            <column name="user_agent" type="varchar(255)"/>
        </createTable>

        <addForeignKeyConstraint baseColumnNames="authority_name"
                                 baseTableName="jhi_user_authority"
                                 constraintName="fk_authority_name"
                                 referencedColumnNames="name"
                                 referencedTableName="jhi_authority"/>

        <addForeignKeyConstraint baseColumnNames="user_id"
                                 baseTableName="jhi_user_authority"
                                 constraintName="fk_user_id"
                                 referencedColumnNames="id"
                                 referencedTableName="jhi_user"/>

        <addForeignKeyConstraint baseColumnNames="user_id"
                                 baseTableName="jhi_persistent_token"
                                 constraintName="fk_user_persistent_token"
                                 referencedColumnNames="id"
                                 referencedTableName="jhi_user"/>

        <loadData encoding="UTF-8"
                  file="config/liquibase/users.csv"
                  separator=";"
                  tableName="jhi_user">
            <column name="activated" type="boolean"/>
            <column name="created_date" type="timestamp"/>
        </loadData>
        <dropDefaultValue tableName="jhi_user" columnName="created_date" columnDataType="datetime"/>

        <loadData encoding="UTF-8"
                  file="config/liquibase/authorities.csv"
                  separator=";"
                  tableName="jhi_authority"/>

        <loadData encoding="UTF-8"
                  file="config/liquibase/users_authorities.csv"
                  separator=";"
                  tableName="jhi_user_authority"/>

        <createTable tableName="jhi_persistent_audit_event">
            <column name="event_id" type="bigint" autoIncrement="${autoIncrement}">
                <constraints primaryKey="true" nullable="false"/>
            </column>
            <column name="principal" type="varchar(255)">
                <constraints nullable="false" />
            </column>
            <column name="event_date" type="timestamp"/>
            <column name="event_type" type="varchar(255)"/>
        </createTable>

        <createTable tableName="jhi_persistent_audit_evt_data">
            <column name="event_id" type="bigint">
                <constraints nullable="false"/>
            </column>
            <column name="name" type="varchar(255)">
                <constraints nullable="false"/>
            </column>
            <column name="value" type="varchar(255)"/>
        </createTable>
        <addPrimaryKey columnNames="event_id, name" tableName="jhi_persistent_audit_evt_data"/>

        <createIndex indexName="idx_persistent_audit_event"
                     tableName="jhi_persistent_audit_event"
                     unique="false">
            <column name="principal" type="varchar(255)"/>
            <column name="event_date" type="timestamp"/>
        </createIndex>

        <createIndex indexName="idx_persistent_audit_evt_data"
                     tableName="jhi_persistent_audit_evt_data"
                     unique="false">
            <column name="event_id" type="bigint"/>
        </createIndex>

        <addForeignKeyConstraint baseColumnNames="event_id"
                                 baseTableName="jhi_persistent_audit_evt_data"
                                 constraintName="fk_evt_pers_audit_evt_data"
                                 referencedColumnNames="event_id"
                                 referencedTableName="jhi_persistent_audit_event"/>
    
    </changeSet>
    
</databaseChangeLog>
