<?xml version="1.0" encoding="utf-8"?>
<databaseChangeLog
    xmlns="http://www.liquibase.org/xml/ns/dbchangelog"
    xmlns:xsi="http://www.w3.org/2001/XMLSchema-instance"
    xsi:schemaLocation="http://www.liquibase.org/xml/ns/dbchangelog http://www.liquibase.org/xml/ns/dbchangelog/dbchangelog-3.4.xsd">

    <property name="now" value="now()" dbms="mysql,h2"/>
    <property name="now" value="current_timestamp" dbms="postgresql"/>
    <property name="now" value="sysdate" dbms="oracle"/>

    <property name="autoIncrement" value="true" dbms="mysql,h2,postgresql,oracle"/>

    <property name="floatType" value="float4" dbms="postgresql, h2"/>
    <property name="floatType" value="float" dbms="mysql, oracle"/>

    <!--
        Added the entity Jugador.
    -->
    <changeSet id="20151209192856" author="jhipster">
        <createTable tableName="jugador">
            <column name="id" type="bigint" autoIncrement="${autoIncrement}">
                <constraints primaryKey="true" nullable="false"/>
            </column>
            <column name="nombre" type="varchar(255)">
                <constraints nullable="false" />
            </column>
            <column name="fecha_nacimiento" type="date"/>
            <column name="posicion" type="varchar(255)"/>
            <column name="canastas_totales" type="integer"/>
            <column name="asistencias_totales" type="integer"/>
            <column name="rebotes_totales" type="integer"/>
            <column name="equipo_id" type="bigint"/>
        </createTable>
        
        <addForeignKeyConstraint baseColumnNames="equipo_id"
                                 baseTableName="jugador"
                                 constraintName="fk_jugador_equipo_id"
                                 referencedColumnNames="id"
                                 referencedTableName="equipo"/>

    </changeSet>
</databaseChangeLog>
