<?xml version="1.0" encoding="utf-8"?>
<databaseChangeLog
    xmlns="http://www.liquibase.org/xml/ns/dbchangelog"
    xmlns:xsi="http://www.w3.org/2001/XMLSchema-instance"
    xsi:schemaLocation="http://www.liquibase.org/xml/ns/dbchangelog http://www.liquibase.org/xml/ns/dbchangelog/dbchangelog-3.4.xsd">

    <property name="now" value="now()" dbms="mysql,h2"/>
    <property name="now" value="current_timestamp" dbms="postgresql"/>
    <property name="now" value="sysdate" dbms="oracle"/>

    <property name="autoIncrement" value="true" dbms="mysql,h2,postgresql,oracle"/>

    <property name="floatType" value="float4" dbms="postgresql, h2"/>
    <property name="floatType" value="float" dbms="mysql, oracle"/>

    <!--
        Added the entity Temporada.
    -->
    <changeSet id="20151215164624" author="jhipster">
        <createTable tableName="temporada">
            <column name="id" type="bigint" autoIncrement="${autoIncrement}">
                <constraints primaryKey="true" nullable="false"/>
            </column>
            <column name="nombre" type="varchar(255)">
                <constraints nullable="false" />
            </column>
            <column name="liga_id" type="bigint"/>
        </createTable>
        
        <addForeignKeyConstraint baseColumnNames="liga_id"
                                 baseTableName="temporada"
                                 constraintName="fk_temporada_liga_id"
                                 referencedColumnNames="id"
                                 referencedTableName="liga"/>

        <createTable tableName="temporada_equipo">
            <column name="equipos_id" type="bigint">
                <constraints nullable="false"/>
            </column>
            <column name="temporadas_id" type="bigint">
                <constraints nullable="false"/>
            </column>
        </createTable>

        <addPrimaryKey columnNames="temporadas_id, equipos_id" tableName="temporada_equipo"/>

        <addForeignKeyConstraint baseColumnNames="temporadas_id"
                                 baseTableName="temporada_equipo"
                                 constraintName="fk_temporada_equipo_equipo_id"
                                 referencedColumnNames="id"
                                 referencedTableName="temporada"/>

        <addForeignKeyConstraint baseColumnNames="equipos_id"
                                 baseTableName="temporada_equipo"
                                 constraintName="fk_equipo_equipo_temporada_id"
                                 referencedColumnNames="id"
                                 referencedTableName="equipo"/>
        
    </changeSet>
</databaseChangeLog>
