<?xml version="1.0" encoding="utf-8"?>
<databaseChangeLog
    xmlns="http://www.liquibase.org/xml/ns/dbchangelog"
    xmlns:xsi="http://www.w3.org/2001/XMLSchema-instance"
    xsi:schemaLocation="http://www.liquibase.org/xml/ns/dbchangelog http://www.liquibase.org/xml/ns/dbchangelog/dbchangelog-3.4.xsd">

    <property name="now" value="now()" dbms="mysql,h2"/>
    <property name="now" value="current_timestamp" dbms="postgresql"/>
    <property name="now" value="sysdate" dbms="oracle"/>

    <property name="autoIncrement" value="true" dbms="mysql,h2,postgresql,oracle"/>

    <property name="floatType" value="float4" dbms="postgresql, h2"/>
    <property name="floatType" value="float" dbms="mysql, oracle"/>

    <!--
        Added the entity Partido.
    -->
    <changeSet id="20151215171356" author="jhipster">
        <createTable tableName="partido">
            <column name="id" type="bigint" autoIncrement="${autoIncrement}">
                <constraints primaryKey="true" nullable="false"/>
            </column>
            <column name="jornada" type="integer">
                <constraints nullable="false" />
            </column>
            <column name="arbitro_id" type="bigint"/>
        </createTable>
        
        <addForeignKeyConstraint baseColumnNames="arbitro_id"
                                 baseTableName="partido"
                                 constraintName="fk_partido_arbitro_id"
                                 referencedColumnNames="id"
                                 referencedTableName="arbitro"/>

    </changeSet>
</databaseChangeLog>
