<?xml version="1.0" encoding="utf-8"?>
<databaseChangeLog
    xmlns="http://www.liquibase.org/xml/ns/dbchangelog"
    xmlns:xsi="http://www.w3.org/2001/XMLSchema-instance"
    xsi:schemaLocation="http://www.liquibase.org/xml/ns/dbchangelog http://www.liquibase.org/xml/ns/dbchangelog/dbchangelog-3.4.xsd">

    <property name="now" value="now()" dbms="mysql,h2"/>
    <property name="now" value="current_timestamp" dbms="postgresql"/>
    <property name="now" value="sysdate" dbms="oracle"/>

    <property name="autoIncrement" value="true" dbms="mysql,h2,postgresql,oracle"/>

    <property name="floatType" value="float4" dbms="postgresql, h2"/>
    <property name="floatType" value="float" dbms="mysql, oracle"/>

    <!--
        Added the entity Equipo.
    -->
    <changeSet id="20151209191439" author="jhipster">
        <createTable tableName="equipo">
            <column name="id" type="bigint" autoIncrement="${autoIncrement}">
                <constraints primaryKey="true" nullable="false"/>
            </column>
            <column name="nombre" type="varchar(255)"/>
            <column name="fecha_creacion" type="date"/>
            <column name="pais" type="varchar(255)"/>
            <column name="estadio_id" type="bigint">
                <constraints unique="true"/>
            </column>
            <column name="entrenador_id" type="bigint">
                <constraints unique="true"/>
            </column>
        </createTable>
        
        <addForeignKeyConstraint baseColumnNames="estadio_id"
                                 baseTableName="equipo"
                                 constraintName="fk_equipo_estadio_id"
                                 referencedColumnNames="id"
                                 referencedTableName="estadio"/>

        <addForeignKeyConstraint baseColumnNames="entrenador_id"
                                 baseTableName="equipo"
                                 constraintName="fk_equipo_entrenador_id"
                                 referencedColumnNames="id"
                                 referencedTableName="entrenador"/>

    </changeSet>
</databaseChangeLog>
