{
    "relationships": [
        {
            "relationshipId": 1,
            "relationshipName": "jugador",
            "otherEntityName": "jugador",
            "relationshipType": "one-to-many",
            "otherEntityRelationshipName": "equipo"
        },{
            "relationshipId": 2,
            "relationshipName": "estadio",
            "otherEntityName": "estadio",
            "relationshipType": "one-to-one",
            "otherEntityField": "nombre",
            "ownerSide": true,
            "otherEntityRelationshipName": "equipo"
        },{
            "relationshipId": 3,
            "relationshipName": "socio",
            "otherEntityName": "socio",
            "relationshipType": "many-to-many",
            "ownerSide": false
        },{
            "relationshipId": 4,
            "relationshipName": "entrenador",
            "otherEntityName": "entrenador",
            "relationshipType": "one-to-one",
            "otherEntityField": "nombre",
            "ownerSide": true,
            "otherEntityRelationshipName": "equipo"
        },{
            "relationshipId": 5,
            "relationshipName": "temporada",
            "otherEntityName": "temporada",
            "relationshipType": "many-to-many",
            "ownerSide": false
        }
    ],
    "fields": [
        {
            "fieldId": 1,
            "fieldName": "nombre",
            "fieldType": "String"
        },
        {
            "fieldId": 2,
            "fieldName": "fechaCreacion",
            "fieldType": "LocalDate"
        },
        {
            "fieldId": 3,
            "fieldName": "pais",
            "fieldType": "String"
        }
    ],
    "changelogDate": "20151209191439",
    "dto": "no",
    "pagination": "pagination"
}
