{
    "relationships": [
        {
            "relationshipId": 1,
            "relationshipName": "equipo",
            "otherEntityName": "equipo",
            "relationshipType": "one-to-one",
            "ownerSide": false,
            "otherEntityRelationshipName": "estadio"
        }
    ],
    "fields": [
        {
            "fieldId": 1,
            "fieldName": "nombre",
            "fieldType": "String"
        },
        {
            "fieldId": 2,
            "fieldName": "fechaConstruccion",
            "fieldType": "LocalDate"
        }
    ],
    "changelogDate": "20151209200504",
    "dto": "no",
    "pagination": "pagination"
}