{
    "relationships": [
        {
            "relationshipId": 1,
            "relationshipName": "equipo",
            "otherEntityName": "equipo",
            "relationshipType": "many-to-one",
            "otherEntityField": "nombre"
        }
    ],
    "fields": [
        {
            "fieldId": 1,
            "fieldName": "nombre",
            "fieldType": "String",
            "fieldValidateRules": [
                "required"
            ]
        },
        {
            "fieldId": 2,
            "fieldName": "fechaNacimiento",
            "fieldType": "LocalDate"
        },
        {
            "fieldId": 3,
            "fieldName": "posicion",
            "fieldType": "String"
        },
        {
            "fieldId": 4,
            "fieldName": "canastasTotales",
            "fieldType": "Integer"
        },
        {
            "fieldId": 5,
            "fieldName": "asistenciasTotales",
            "fieldType": "Integer"
        },
        {
            "fieldId": 6,
            "fieldName": "rebotesTotales",
            "fieldType": "Integer"
        }
    ],
    "changelogDate": "20151209192856",
    "dto": "no",
    "pagination": "pagination"
}
