{
    "relationships": [
        {
            "relationshipId": 1,
            "relationshipName": "arbitro",
            "otherEntityName": "arbitro",
            "relationshipType": "many-to-one",
            "otherEntityField": "nombre"
        }
    ],
    "fields": [
        {
            "fieldId": 1,
            "fieldName": "jornada",
            "fieldType": "Integer",
            "fieldValidateRules": [
                "required"
            ]
        }
    ],
    "changelogDate": "20151215171356",
    "dto": "no",
    "pagination": "pagination"
}