{
    "relationships": [
        {
            "relationshipId": 1,
            "relationshipName": "equipo",
            "otherEntityName": "equipo",
            "relationshipType": "many-to-many",
            "otherEntityField": "nombre",
            "ownerSide": true
        }
    ],
    "fields": [
        {
            "fieldId": 1,
            "fieldName": "nombre",
            "fieldType": "String"
        },
        {
            "fieldId": 2,
            "fieldName": "apellido",
            "fieldType": "String"
        },
        {
            "fieldId": 3,
            "fieldName": "fechaNacimiento",
            "fieldType": "LocalDate"
        }
    ],
    "changelogDate": "20151215154310",
    "dto": "no",
    "pagination": "pagination"
}