<?xml version="1.0" encoding="utf-8"?>
<databaseChangeLog
    xmlns="http://www.liquibase.org/xml/ns/dbchangelog"
    xmlns:xsi="http://www.w3.org/2001/XMLSchema-instance"
    xsi:schemaLocation="http://www.liquibase.org/xml/ns/dbchangelog http://www.liquibase.org/xml/ns/dbchangelog/dbchangelog-3.4.xsd">

    <include file="classpath:config/liquibase/changelog/00000000000000_initial_schema.xml" relativeToChangelogFile="false"/>
    <include file="classpath:config/liquibase/changelog/20151215161826_added_entity_Entrenador.xml" relativeToChangelogFile="false"/>
    <include file="classpath:config/liquibase/changelog/20151209200504_added_entity_Estadio.xml" relativeToChangelogFile="false"/>
    <include file="classpath:config/liquibase/changelog/20151209191439_added_entity_Equipo.xml" relativeToChangelogFile="false"/>
    <include file="classpath:config/liquibase/changelog/20151209192856_added_entity_Jugador.xml" relativeToChangelogFile="false"/>
    <include file="classpath:config/liquibase/changelog/20151215154310_added_entity_Socio.xml" relativeToChangelogFile="false"/>
    <include file="classpath:config/liquibase/changelog/20151215164428_added_entity_Liga.xml" relativeToChangelogFile="false"/>
    <include file="classpath:config/liquibase/changelog/20151215164624_added_entity_Temporada.xml" relativeToChangelogFile="false"/>
    <include file="classpath:config/liquibase/changelog/20151215171215_added_entity_Arbitro.xml" relativeToChangelogFile="false"/>
    <include file="classpath:config/liquibase/changelog/20151215171356_added_entity_Partido.xml" relativeToChangelogFile="false"/>
    <!-- JHipster will add liquibase changelogs here -->
</databaseChangeLog>
