{
  "generator-jhipster": {
    "baseName": "LigaBaloncesto",
    "packageName": "com.xavipandis.liga",
    "packageFolder": "com/xavipandis/liga",
    "authenticationType": "session",
    "hibernateCache": "ehcache",
    "clusteredHttpSession": "no",
    "websocket": "no",
    "databaseType": "sql",
    "devDatabaseType": "mysql",
    "prodDatabaseType": "mysql",
    "searchEngine": "no",
    "useSass": false,
    "buildTool": "maven",
    "frontendBuilder": "grunt",
    "enableTranslation": true,
    "enableSocialSignIn": false,
    "rememberMeKey": "bf5e740b39f62ace2a0393c32a8a9d17270a9479",
    "testFrameworks": [
      "gatling"
    ]
  }
}